sample-id	barcode-sequence	body-site	year	month	day	subject	reported-antibiotic-usage	days-since-experiment-start	trajectory
#q2:types	categorical	categorical	numeric	numeric	numeric	categorical	categorical	numeric	categorical
L1S8	AGCTGACTAGTC	gut	2008	10	28	subject-1	Yes	0	s1-gut
L1S57	ACACACTATGGC	gut	2009	1	20	subject-1	No	84	s1-gut
L1S76	ACTACGTGTGGT	gut	2009	2	17	subject-1	No	112	s1-gut
L1S105	AGTGCGATGCGT	gut	2009	3	17	subject-1	No	140	s1-gut
L2S155	ACGATGCGACCA	left palm	2009	1	20	subject-1	No	84	s1-left-palm
L2S175	AGCTATCCACGA	left palm	2009	2	17	subject-1	No	112	s1-left-palm
L2S204	ATGCAGCTCAGT	left palm	2009	3	17	subject-1	No	140	s1-left-palm
L2S222	CACGTGACATGT	left palm	2009	4	14	subject-1	No	168	s1-left-palm
L3S242	ACAGTTGCGCGA	right palm	2008	10	28	subject-1	Yes	0	s1-right-palm
L3S294	CACGACAGGCTA	right palm	2009	1	20	subject-1	No	84	s1-right-palm
L3S313	AGTGTCACGGTG	right palm	2009	2	17	subject-1	No	112	s1-right-palm
L3S341	CAAGTGAGAGAG	right palm	2009	3	17	subject-1	No	140	s1-right-palm
L3S360	CATCGTATCAAC	right palm	2009	4	14	subject-1	No	168	s1-right-palm
L5S104	CAGTGTCAGGAC	tongue	2008	10	28	subject-1	Yes	0	s1-tongue
L5S155	ATCTTAGACTGC	tongue	2009	1	20	subject-1	No	84	s1-tongue
L5S174	CAGACATTGCGT	tongue	2009	2	17	subject-1	No	112	s1-tongue
L5S203	CGATGCACCAGA	tongue	2009	3	17	subject-1	No	140	s1-tongue
L5S222	CTAGAGACTCTT	tongue	2009	4	14	subject-1	No	168	s1-tongue
L1S140	ATGGCAGCTCTA	gut	2008	10	28	subject-2	Yes	0	s2-gut
L1S208	CTGAGATACGCG	gut	2009	1	20	subject-2	No	84	s2-gut
L1S257	CCGACTGAGATG	gut	2009	3	17	subject-2	No	140	s2-gut
L1S281	CCTCTCGTGATC	gut	2009	4	14	subject-2	No	168	s2-gut
L2S240	CATATCGCAGTT	left palm	2008	10	28	subject-2	Yes	0	s2-left-palm
L2S309	CGTGCATTATCA	left palm	2009	1	20	subject-2	No	84	s2-left-palm
L2S357	CTAACGCAGTCA	left palm	2009	3	17	subject-2	No	140	s2-left-palm
L2S382	CTCAATGACTCA	left palm	2009	4	14	subject-2	No	168	s2-left-palm
L3S378	ATCGATCTGTGG	right palm	2008	10	28	subject-2	Yes	0	s2-right-palm
L4S63	CTCGTGGAGTAG	right palm	2009	1	20	subject-2	No	84	s2-right-palm
L4S112	GCGTTACACACA	right palm	2009	3	17	subject-2	No	140	s2-right-palm
L4S137	GAACTGTATCTC	right palm	2009	4	14	subject-2	No	168	s2-right-palm
L5S240	CTGGACTCATAG	tongue	2008	10	28	subject-2	Yes	0	s2-tongue
L6S20	GAGGCTCATCAT	tongue	2009	1	20	subject-2	No	84	s2-tongue
L6S68	GATACGTCCTGA	tongue	2009	3	17	subject-2	No	140	s2-tongue
L6S93	GATTAGCACTCT	tongue	2009	4	14	subject-2	No	168	s2-tongue
